post_title,post_upvote,post_downvote,post_content,post_date,post_total_comments,post_details,comment_1_details,comment_2_details,comment_3_details,comment_4_details,comment_5_details
Why is procrastination so hard to beat?,539,322,"Honestly, I find online classes way more exhausting than in-person ones.",2023-06-11,5,"['ignorant', 'mild misinformation', 'homework help']","['negative', 'blatant misinformation', 'online learning']","['positive', 'mild misinformation', 'Zoom classes']","['negative', 'none', 'mental health']","['positive', 'blatant misinformation', 'online learning']","['funny', 'none', 'Zoom classes']"
Do you think AI is helping or hurting education?,3604,486,I've started using Notion and it's been a game-changer for organizing lectures.,2023-04-10,5,"['positive', 'none', 'procrastination']","['neutral', 'none', 'AI in education']","['negative', 'mild misinformation', 'mental health']","['positive', 'none', 'homework help']","['ignorant', 'none', 'study habits']","['negative', 'mild misinformation', 'online learning']"
This happened during my online exam ðŸ˜‚,1624,272,I got caught cheating by my webcam AI proctor. Oops!,2024-04-11,5,"['neutral', 'blatant misinformation', 'AI in education']","['neutral', 'mild misinformation', 'procrastination']","['funny', 'none', 'mental health']","['ignorant', 'blatant misinformation', 'homework help']","['negative', 'blatant misinformation', 'exam prep']","['neutral', 'none', 'AI in education']"
Anyone else feel more stressed in online school?,1959,299,"Honestly, I find online classes way more exhausting than in-person ones.",2024-01-14,5,"['positive', 'none', 'procrastination']","['funny', 'none', 'procrastination']","['ignorant', 'none', 'study habits']","['ignorant', 'mild misinformation', 'online learning']","['neutral', 'blatant misinformation', 'procrastination']","['neutral', 'none', 'online learning']"
Are study groups better in person or online?,2704,318,Do professors even know how to use tech properly?,2023-02-21,5,"['positive', 'mild misinformation', 'exam prep']","['negative', 'blatant misinformation', 'online learning']","['funny', 'mild misinformation', 'online learning']","['funny', 'mild misinformation', 'study habits']","['negative', 'none', 'study habits']","['ignorant', 'mild misinformation', 'exam prep']"
This happened during my online exam ðŸ˜‚,3753,253,"Honestly, I find online classes way more exhausting than in-person ones.",2024-11-25,5,"['neutral', 'mild misinformation', 'AI in education']","['neutral', 'blatant misinformation', 'study habits']","['ignorant', 'blatant misinformation', 'AI in education']","['funny', 'mild misinformation', 'online learning']","['neutral', 'none', 'exam prep']","['funny', 'blatant misinformation', 'AI in education']"
How do you ask questions in huge online classes?,4317,253,"No matter what I try, I end up scrolling instead of studying.",2024-07-07,5,"['neutral', 'none', 'study habits']","['positive', 'mild misinformation', 'AI in education']","['ignorant', 'mild misinformation', 'AI in education']","['funny', 'blatant misinformation', 'AI in education']","['positive', 'mild misinformation', 'AI in education']","['funny', 'none', 'homework help']"
"ChatGPT gave me a wrong answer, should I trust it?",2921,228,I feel like I forget everything right after my online classes.,2024-01-01,5,"['funny', 'blatant misinformation', 'study habits']","['funny', 'none', 'Zoom classes']","['positive', 'blatant misinformation', 'online learning']","['positive', 'mild misinformation', 'study habits']","['positive', 'none', 'online learning']","['positive', 'mild misinformation', 'study habits']"
This happened during my online exam ðŸ˜‚,4165,355,Do professors even know how to use tech properly?,2023-03-14,5,"['negative', 'mild misinformation', 'homework help']","['positive', 'mild misinformation', 'study habits']","['ignorant', 'mild misinformation', 'study habits']","['positive', 'mild misinformation', 'exam prep']","['negative', 'blatant misinformation', 'online learning']","['negative', 'mild misinformation', 'AI in education']"
How do you ask questions in huge online classes?,4830,117,I'm curious how AI tools like ChatGPT are affecting studentsâ€™ learning. Are they helping too much?,2024-10-04,5,"['neutral', 'mild misinformation', 'mental health']","['positive', 'mild misinformation', 'study habits']","['negative', 'none', 'procrastination']","['negative', 'mild misinformation', 'mental health']","['neutral', 'none', 'study habits']","['ignorant', 'none', 'online learning']"
This happened during my online exam ðŸ˜‚,2731,322,Some students don't even turn their cameras on. How do teachers know they're learning?,2023-08-27,5,"['negative', 'none', 'online learning']","['positive', 'mild misinformation', 'homework help']","['ignorant', 'blatant misinformation', 'mental health']","['funny', 'mild misinformation', 'procrastination']","['ignorant', 'none', 'exam prep']","['positive', 'mild misinformation', 'exam prep']"
Are study groups better in person or online?,4055,77,I feel like I forget everything right after my online classes.,2023-10-29,5,"['neutral', 'mild misinformation', 'mental health']","['positive', 'blatant misinformation', 'study habits']","['neutral', 'none', 'procrastination']","['funny', 'mild misinformation', 'online learning']","['neutral', 'mild misinformation', 'homework help']","['ignorant', 'mild misinformation', 'procrastination']"
How do you ask questions in huge online classes?,2148,125,Some students don't even turn their cameras on. How do teachers know they're learning?,2024-09-20,5,"['funny', 'none', 'AI in education']","['ignorant', 'none', 'procrastination']","['ignorant', 'mild misinformation', 'AI in education']","['funny', 'mild misinformation', 'homework help']","['ignorant', 'blatant misinformation', 'homework help']","['neutral', 'blatant misinformation', 'homework help']"
"Teachers of Reddit, how do you feel about remote teaching?",442,370,I'm curious how AI tools like ChatGPT are affecting studentsâ€™ learning. Are they helping too much?,2024-01-11,5,"['positive', 'none', 'homework help']","['funny', 'mild misinformation', 'homework help']","['funny', 'blatant misinformation', 'procrastination']","['neutral', 'mild misinformation', 'procrastination']","['neutral', 'mild misinformation', 'exam prep']","['funny', 'none', 'exam prep']"
Do you think AI is helping or hurting education?,110,394,I've started using Notion and it's been a game-changer for organizing lectures.,2024-10-07,5,"['neutral', 'mild misinformation', 'exam prep']","['funny', 'blatant misinformation', 'homework help']","['neutral', 'mild misinformation', 'homework help']","['positive', 'mild misinformation', 'online learning']","['funny', 'mild misinformation', 'AI in education']","['ignorant', 'none', 'exam prep']"
Are study groups better in person or online?,3753,23,Using Pomodoro technique and ambient music. Works like magic!,2024-11-04,5,"['funny', 'mild misinformation', 'AI in education']","['negative', 'none', 'online learning']","['ignorant', 'mild misinformation', 'Zoom classes']","['ignorant', 'none', 'AI in education']","['neutral', 'none', 'study habits']","['ignorant', 'none', 'homework help']"
How do you ask questions in huge online classes?,4871,170,I feel like I forget everything right after my online classes.,2024-03-19,5,"['negative', 'blatant misinformation', 'AI in education']","['ignorant', 'blatant misinformation', 'online learning']","['neutral', 'none', 'procrastination']","['ignorant', 'none', 'homework help']","['positive', 'none', 'mental health']","['positive', 'blatant misinformation', 'mental health']"
"Teachers of Reddit, how do you feel about remote teaching?",3838,435,Do professors even know how to use tech properly?,2023-04-20,5,"['positive', 'none', 'Zoom classes']","['positive', 'mild misinformation', 'online learning']","['funny', 'mild misinformation', 'procrastination']","['positive', 'none', 'procrastination']","['neutral', 'blatant misinformation', 'mental health']","['funny', 'blatant misinformation', 'AI in education']"
Study hacks that genuinely work â€“ drop them here!,2756,431,I tried using ChatGPT to do my homework and it gave me outdated info.,2023-03-19,5,"['neutral', 'blatant misinformation', 'AI in education']","['neutral', 'mild misinformation', 'study habits']","['negative', 'blatant misinformation', 'mental health']","['positive', 'mild misinformation', 'procrastination']","['negative', 'none', 'exam prep']","['funny', 'none', 'online learning']"
"Teachers of Reddit, how do you feel about remote teaching?",4721,249,"No matter what I try, I end up scrolling instead of studying.",2024-05-27,5,"['negative', 'mild misinformation', 'study habits']","['ignorant', 'mild misinformation', 'homework help']","['ignorant', 'none', 'online learning']","['ignorant', 'none', 'AI in education']","['ignorant', 'mild misinformation', 'exam prep']","['funny', 'mild misinformation', 'procrastination']"
"Teachers of Reddit, how do you feel about remote teaching?",993,69,I feel like I forget everything right after my online classes.,2023-03-31,5,"['funny', 'mild misinformation', 'exam prep']","['neutral', 'blatant misinformation', 'Zoom classes']","['positive', 'mild misinformation', 'mental health']","['ignorant', 'blatant misinformation', 'exam prep']","['ignorant', 'mild misinformation', 'study habits']","['funny', 'mild misinformation', 'Zoom classes']"
Are study groups better in person or online?,3228,313,Using Pomodoro technique and ambient music. Works like magic!,2023-05-14,5,"['neutral', 'none', 'online learning']","['ignorant', 'none', 'AI in education']","['negative', 'mild misinformation', 'study habits']","['neutral', 'blatant misinformation', 'mental health']","['funny', 'mild misinformation', 'mental health']","['ignorant', 'mild misinformation', 'mental health']"
Study hacks that genuinely work â€“ drop them here!,4609,315,I got caught cheating by my webcam AI proctor. Oops!,2024-07-17,5,"['ignorant', 'blatant misinformation', 'mental health']","['ignorant', 'mild misinformation', 'online learning']","['positive', 'none', 'exam prep']","['positive', 'none', 'procrastination']","['funny', 'blatant misinformation', 'study habits']","['positive', 'none', 'exam prep']"
Do you think AI is helping or hurting education?,1484,276,Using Pomodoro technique and ambient music. Works like magic!,2024-02-02,5,"['funny', 'mild misinformation', 'study habits']","['ignorant', 'none', 'homework help']","['positive', 'mild misinformation', 'online learning']","['positive', 'mild misinformation', 'Zoom classes']","['ignorant', 'none', 'mental health']","['negative', 'blatant misinformation', 'homework help']"
How do you ask questions in huge online classes?,2415,303,I tried using ChatGPT to do my homework and it gave me outdated info.,2023-11-01,5,"['ignorant', 'none', 'exam prep']","['ignorant', 'none', 'mental health']","['funny', 'none', 'procrastination']","['ignorant', 'none', 'AI in education']","['ignorant', 'mild misinformation', 'procrastination']","['funny', 'none', 'homework help']"
"ChatGPT gave me a wrong answer, should I trust it?",2798,217,I feel like I forget everything right after my online classes.,2024-02-13,5,"['negative', 'blatant misinformation', 'AI in education']","['positive', 'none', 'procrastination']","['funny', 'none', 'exam prep']","['neutral', 'mild misinformation', 'homework help']","['funny', 'blatant misinformation', 'exam prep']","['ignorant', 'none', 'Zoom classes']"
Do you think AI is helping or hurting education?,826,415,I feel like I forget everything right after my online classes.,2024-07-08,5,"['funny', 'blatant misinformation', 'homework help']","['neutral', 'blatant misinformation', 'Zoom classes']","['negative', 'mild misinformation', 'study habits']","['negative', 'blatant misinformation', 'exam prep']","['ignorant', 'none', 'online learning']","['neutral', 'none', 'exam prep']"
Anyone else feel more stressed in online school?,2742,444,Using Pomodoro technique and ambient music. Works like magic!,2023-08-02,5,"['ignorant', 'none', 'Zoom classes']","['positive', 'none', 'online learning']","['negative', 'mild misinformation', 'homework help']","['neutral', 'none', 'homework help']","['negative', 'none', 'study habits']","['funny', 'none', 'mental health']"
Study hacks that genuinely work â€“ drop them here!,1195,334,Using Pomodoro technique and ambient music. Works like magic!,2024-10-23,5,"['funny', 'none', 'procrastination']","['negative', 'mild misinformation', 'online learning']","['neutral', 'blatant misinformation', 'procrastination']","['positive', 'blatant misinformation', 'study habits']","['funny', 'mild misinformation', 'online learning']","['negative', 'none', 'homework help']"
Why is procrastination so hard to beat?,984,106,I got caught cheating by my webcam AI proctor. Oops!,2023-12-25,5,"['negative', 'none', 'homework help']","['funny', 'mild misinformation', 'procrastination']","['negative', 'mild misinformation', 'procrastination']","['negative', 'none', 'online learning']","['funny', 'blatant misinformation', 'procrastination']","['neutral', 'none', 'Zoom classes']"
Do you think AI is helping or hurting education?,4717,180,"Honestly, I find online classes way more exhausting than in-person ones.",2023-04-27,5,"['negative', 'none', 'mental health']","['positive', 'mild misinformation', 'procrastination']","['negative', 'mild misinformation', 'homework help']","['neutral', 'none', 'Zoom classes']","['negative', 'blatant misinformation', 'Zoom classes']","['positive', 'mild misinformation', 'Zoom classes']"
Do you think AI is helping or hurting education?,1009,9,I feel like I forget everything right after my online classes.,2024-03-01,5,"['positive', 'blatant misinformation', 'mental health']","['ignorant', 'none', 'AI in education']","['neutral', 'none', 'mental health']","['funny', 'blatant misinformation', 'AI in education']","['ignorant', 'mild misinformation', 'exam prep']","['funny', 'none', 'exam prep']"
Do you think AI is helping or hurting education?,4018,165,Do professors even know how to use tech properly?,2023-09-09,5,"['negative', 'blatant misinformation', 'Zoom classes']","['positive', 'mild misinformation', 'procrastination']","['neutral', 'blatant misinformation', 'Zoom classes']","['funny', 'blatant misinformation', 'exam prep']","['negative', 'blatant misinformation', 'study habits']","['funny', 'mild misinformation', 'mental health']"
Best tools for staying organized in online classes?,132,352,I've started using Notion and it's been a game-changer for organizing lectures.,2023-12-05,5,"['negative', 'blatant misinformation', 'homework help']","['ignorant', 'blatant misinformation', 'study habits']","['positive', 'blatant misinformation', 'online learning']","['neutral', 'none', 'exam prep']","['funny', 'mild misinformation', 'homework help']","['ignorant', 'none', 'homework help']"
How do you ask questions in huge online classes?,130,290,Some students don't even turn their cameras on. How do teachers know they're learning?,2024-02-18,5,"['positive', 'blatant misinformation', 'homework help']","['negative', 'none', 'online learning']","['positive', 'blatant misinformation', 'exam prep']","['neutral', 'mild misinformation', 'AI in education']","['funny', 'blatant misinformation', 'procrastination']","['ignorant', 'none', 'procrastination']"
"Teachers of Reddit, how do you feel about remote teaching?",975,150,I feel like I forget everything right after my online classes.,2024-04-24,5,"['funny', 'mild misinformation', 'exam prep']","['negative', 'blatant misinformation', 'procrastination']","['negative', 'mild misinformation', 'mental health']","['neutral', 'none', 'mental health']","['neutral', 'mild misinformation', 'exam prep']","['positive', 'mild misinformation', 'study habits']"
Are study groups better in person or online?,3418,428,I got caught cheating by my webcam AI proctor. Oops!,2024-07-19,5,"['positive', 'mild misinformation', 'Zoom classes']","['negative', 'blatant misinformation', 'online learning']","['negative', 'mild misinformation', 'exam prep']","['positive', 'mild misinformation', 'homework help']","['ignorant', 'mild misinformation', 'homework help']","['positive', 'blatant misinformation', 'exam prep']"
This happened during my online exam ðŸ˜‚,3204,346,I feel like I forget everything right after my online classes.,2023-04-20,5,"['ignorant', 'none', 'AI in education']","['neutral', 'blatant misinformation', 'mental health']","['ignorant', 'blatant misinformation', 'Zoom classes']","['funny', 'mild misinformation', 'homework help']","['negative', 'blatant misinformation', 'Zoom classes']","['negative', 'blatant misinformation', 'mental health']"
Anyone else feel more stressed in online school?,613,4,I got caught cheating by my webcam AI proctor. Oops!,2024-05-22,5,"['positive', 'mild misinformation', 'AI in education']","['positive', 'none', 'homework help']","['neutral', 'none', 'online learning']","['positive', 'blatant misinformation', 'homework help']","['positive', 'blatant misinformation', 'Zoom classes']","['negative', 'none', 'online learning']"
"ChatGPT gave me a wrong answer, should I trust it?",4370,469,I'm curious how AI tools like ChatGPT are affecting studentsâ€™ learning. Are they helping too much?,2023-12-06,5,"['negative', 'mild misinformation', 'mental health']","['funny', 'mild misinformation', 'online learning']","['neutral', 'blatant misinformation', 'online learning']","['positive', 'mild misinformation', 'homework help']","['funny', 'mild misinformation', 'Zoom classes']","['neutral', 'blatant misinformation', 'study habits']"
Why is procrastination so hard to beat?,2599,302,I got caught cheating by my webcam AI proctor. Oops!,2023-07-15,5,"['negative', 'mild misinformation', 'homework help']","['ignorant', 'none', 'procrastination']","['funny', 'none', 'online learning']","['positive', 'mild misinformation', 'AI in education']","['ignorant', 'mild misinformation', 'mental health']","['negative', 'none', 'exam prep']"
"Teachers of Reddit, how do you feel about remote teaching?",4251,426,Some students don't even turn their cameras on. How do teachers know they're learning?,2023-03-23,5,"['funny', 'mild misinformation', 'exam prep']","['funny', 'mild misinformation', 'study habits']","['negative', 'blatant misinformation', 'study habits']","['neutral', 'none', 'homework help']","['negative', 'blatant misinformation', 'mental health']","['neutral', 'mild misinformation', 'exam prep']"
How do you ask questions in huge online classes?,1327,294,I'm curious how AI tools like ChatGPT are affecting studentsâ€™ learning. Are they helping too much?,2024-07-17,5,"['funny', 'mild misinformation', 'homework help']","['funny', 'none', 'procrastination']","['negative', 'blatant misinformation', 'study habits']","['negative', 'mild misinformation', 'AI in education']","['negative', 'none', 'Zoom classes']","['funny', 'blatant misinformation', 'Zoom classes']"
This happened during my online exam ðŸ˜‚,1921,466,I feel like I forget everything right after my online classes.,2023-09-27,5,"['neutral', 'blatant misinformation', 'Zoom classes']","['ignorant', 'mild misinformation', 'Zoom classes']","['neutral', 'blatant misinformation', 'study habits']","['funny', 'mild misinformation', 'AI in education']","['positive', 'blatant misinformation', 'exam prep']","['positive', 'blatant misinformation', 'study habits']"
Do you think AI is helping or hurting education?,1163,394,"Honestly, I find online classes way more exhausting than in-person ones.",2024-03-27,5,"['positive', 'none', 'procrastination']","['ignorant', 'blatant misinformation', 'exam prep']","['positive', 'none', 'Zoom classes']","['negative', 'none', 'AI in education']","['funny', 'none', 'AI in education']","['ignorant', 'blatant misinformation', 'homework help']"
"ChatGPT gave me a wrong answer, should I trust it?",4824,265,I'm curious how AI tools like ChatGPT are affecting studentsâ€™ learning. Are they helping too much?,2024-05-08,5,"['positive', 'blatant misinformation', 'procrastination']","['positive', 'mild misinformation', 'mental health']","['positive', 'blatant misinformation', 'online learning']","['neutral', 'blatant misinformation', 'homework help']","['funny', 'none', 'procrastination']","['neutral', 'mild misinformation', 'study habits']"
"Teachers of Reddit, how do you feel about remote teaching?",707,401,Using Pomodoro technique and ambient music. Works like magic!,2023-01-11,5,"['neutral', 'mild misinformation', 'homework help']","['negative', 'mild misinformation', 'study habits']","['ignorant', 'mild misinformation', 'exam prep']","['negative', 'none', 'Zoom classes']","['negative', 'none', 'Zoom classes']","['ignorant', 'blatant misinformation', 'procrastination']"
Are study groups better in person or online?,2108,2,I'm curious how AI tools like ChatGPT are affecting studentsâ€™ learning. Are they helping too much?,2023-12-28,5,"['neutral', 'mild misinformation', 'homework help']","['ignorant', 'none', 'online learning']","['negative', 'none', 'study habits']","['ignorant', 'blatant misinformation', 'homework help']","['neutral', 'blatant misinformation', 'study habits']","['neutral', 'mild misinformation', 'mental health']"
Study hacks that genuinely work â€“ drop them here!,2455,358,I feel like I forget everything right after my online classes.,2023-07-25,5,"['positive', 'blatant misinformation', 'exam prep']","['funny', 'blatant misinformation', 'homework help']","['ignorant', 'none', 'Zoom classes']","['neutral', 'blatant misinformation', 'AI in education']","['neutral', 'blatant misinformation', 'online learning']","['funny', 'mild misinformation', 'study habits']"
This happened during my online exam ðŸ˜‚,2843,344,"Honestly, I find online classes way more exhausting than in-person ones.",2024-07-31,5,"['positive', 'blatant misinformation', 'Zoom classes']","['negative', 'blatant misinformation', 'study habits']","['positive', 'none', 'AI in education']","['neutral', 'mild misinformation', 'homework help']","['neutral', 'mild misinformation', 'exam prep']","['ignorant', 'blatant misinformation', 'Zoom classes']"
Best tools for staying organized in online classes?,2580,441,I tried using ChatGPT to do my homework and it gave me outdated info.,2023-11-12,5,"['ignorant', 'none', 'AI in education']","['positive', 'blatant misinformation', 'homework help']","['negative', 'none', 'AI in education']","['negative', 'blatant misinformation', 'exam prep']","['ignorant', 'blatant misinformation', 'study habits']","['funny', 'mild misinformation', 'procrastination']"
"ChatGPT gave me a wrong answer, should I trust it?",2611,35,"No matter what I try, I end up scrolling instead of studying.",2023-09-08,5,"['negative', 'none', 'study habits']","['funny', 'mild misinformation', 'procrastination']","['funny', 'mild misinformation', 'procrastination']","['positive', 'blatant misinformation', 'mental health']","['neutral', 'mild misinformation', 'Zoom classes']","['positive', 'none', 'procrastination']"
"Teachers of Reddit, how do you feel about remote teaching?",4693,332,I'm curious how AI tools like ChatGPT are affecting studentsâ€™ learning. Are they helping too much?,2023-11-25,5,"['positive', 'none', 'Zoom classes']","['funny', 'mild misinformation', 'study habits']","['neutral', 'none', 'mental health']","['neutral', 'mild misinformation', 'AI in education']","['negative', 'blatant misinformation', 'exam prep']","['neutral', 'blatant misinformation', 'homework help']"
"ChatGPT gave me a wrong answer, should I trust it?",996,106,Using Pomodoro technique and ambient music. Works like magic!,2023-12-26,5,"['funny', 'mild misinformation', 'online learning']","['positive', 'none', 'study habits']","['ignorant', 'none', 'Zoom classes']","['negative', 'mild misinformation', 'online learning']","['ignorant', 'mild misinformation', 'mental health']","['ignorant', 'mild misinformation', 'exam prep']"
"Teachers of Reddit, how do you feel about remote teaching?",2108,293,I've started using Notion and it's been a game-changer for organizing lectures.,2024-05-11,5,"['funny', 'mild misinformation', 'AI in education']","['ignorant', 'none', 'procrastination']","['negative', 'blatant misinformation', 'online learning']","['negative', 'none', 'Zoom classes']","['negative', 'none', 'Zoom classes']","['neutral', 'none', 'exam prep']"
Why is procrastination so hard to beat?,261,197,I'm curious how AI tools like ChatGPT are affecting studentsâ€™ learning. Are they helping too much?,2023-04-16,5,"['neutral', 'blatant misinformation', 'online learning']","['neutral', 'none', 'procrastination']","['negative', 'none', 'homework help']","['positive', 'mild misinformation', 'homework help']","['positive', 'blatant misinformation', 'exam prep']","['ignorant', 'none', 'homework help']"
Are study groups better in person or online?,4379,164,"No matter what I try, I end up scrolling instead of studying.",2023-05-27,5,"['funny', 'mild misinformation', 'Zoom classes']","['funny', 'none', 'exam prep']","['positive', 'none', 'procrastination']","['funny', 'none', 'mental health']","['neutral', 'mild misinformation', 'Zoom classes']","['ignorant', 'none', 'online learning']"
Best tools for staying organized in online classes?,2296,468,Using Pomodoro technique and ambient music. Works like magic!,2023-12-27,5,"['positive', 'blatant misinformation', 'AI in education']","['neutral', 'mild misinformation', 'AI in education']","['positive', 'none', 'homework help']","['neutral', 'blatant misinformation', 'exam prep']","['funny', 'mild misinformation', 'online learning']","['positive', 'none', 'homework help']"
Are study groups better in person or online?,995,338,I got caught cheating by my webcam AI proctor. Oops!,2024-01-08,5,"['negative', 'blatant misinformation', 'procrastination']","['neutral', 'mild misinformation', 'AI in education']","['positive', 'mild misinformation', 'Zoom classes']","['positive', 'none', 'online learning']","['positive', 'mild misinformation', 'AI in education']","['neutral', 'none', 'Zoom classes']"
Best tools for staying organized in online classes?,1055,147,I've started using Notion and it's been a game-changer for organizing lectures.,2023-06-05,5,"['negative', 'blatant misinformation', 'homework help']","['ignorant', 'blatant misinformation', 'procrastination']","['funny', 'mild misinformation', 'procrastination']","['positive', 'none', 'study habits']","['neutral', 'mild misinformation', 'homework help']","['funny', 'blatant misinformation', 'study habits']"
Best tools for staying organized in online classes?,2749,450,I'm curious how AI tools like ChatGPT are affecting studentsâ€™ learning. Are they helping too much?,2024-11-20,5,"['positive', 'mild misinformation', 'homework help']","['neutral', 'none', 'mental health']","['ignorant', 'mild misinformation', 'mental health']","['neutral', 'mild misinformation', 'mental health']","['positive', 'none', 'Zoom classes']","['positive', 'none', 'study habits']"
How do you ask questions in huge online classes?,3561,491,I got caught cheating by my webcam AI proctor. Oops!,2024-01-26,5,"['ignorant', 'blatant misinformation', 'AI in education']","['positive', 'blatant misinformation', 'procrastination']","['neutral', 'none', 'homework help']","['positive', 'blatant misinformation', 'AI in education']","['ignorant', 'none', 'Zoom classes']","['negative', 'none', 'online learning']"
Are study groups better in person or online?,1225,272,Using Pomodoro technique and ambient music. Works like magic!,2024-01-07,5,"['funny', 'none', 'procrastination']","['funny', 'blatant misinformation', 'study habits']","['ignorant', 'none', 'study habits']","['negative', 'mild misinformation', 'procrastination']","['ignorant', 'blatant misinformation', 'AI in education']","['negative', 'blatant misinformation', 'AI in education']"
Study hacks that genuinely work â€“ drop them here!,2267,168,I'm curious how AI tools like ChatGPT are affecting studentsâ€™ learning. Are they helping too much?,2024-05-28,5,"['neutral', 'mild misinformation', 'online learning']","['negative', 'mild misinformation', 'mental health']","['funny', 'mild misinformation', 'mental health']","['neutral', 'blatant misinformation', 'AI in education']","['funny', 'blatant misinformation', 'exam prep']","['ignorant', 'none', 'procrastination']"
"Teachers of Reddit, how do you feel about remote teaching?",4048,268,"Honestly, I find online classes way more exhausting than in-person ones.",2023-08-01,5,"['neutral', 'mild misinformation', 'mental health']","['funny', 'mild misinformation', 'online learning']","['negative', 'none', 'AI in education']","['neutral', 'none', 'AI in education']","['ignorant', 'mild misinformation', 'homework help']","['positive', 'mild misinformation', 'Zoom classes']"
Do you think AI is helping or hurting education?,1931,5,Do professors even know how to use tech properly?,2024-05-12,5,"['ignorant', 'none', 'exam prep']","['neutral', 'none', 'mental health']","['positive', 'mild misinformation', 'homework help']","['neutral', 'mild misinformation', 'online learning']","['funny', 'blatant misinformation', 'homework help']","['ignorant', 'none', 'procrastination']"
This happened during my online exam ðŸ˜‚,2838,195,"No matter what I try, I end up scrolling instead of studying.",2023-07-06,5,"['positive', 'blatant misinformation', 'procrastination']","['funny', 'mild misinformation', 'online learning']","['neutral', 'mild misinformation', 'Zoom classes']","['ignorant', 'none', 'Zoom classes']","['negative', 'blatant misinformation', 'AI in education']","['funny', 'none', 'mental health']"
Best tools for staying organized in online classes?,2293,258,Some students don't even turn their cameras on. How do teachers know they're learning?,2023-07-13,5,"['negative', 'blatant misinformation', 'homework help']","['funny', 'mild misinformation', 'online learning']","['negative', 'none', 'online learning']","['funny', 'blatant misinformation', 'Zoom classes']","['negative', 'blatant misinformation', 'Zoom classes']","['neutral', 'mild misinformation', 'study habits']"
How do you ask questions in huge online classes?,4759,463,"Honestly, I find online classes way more exhausting than in-person ones.",2024-10-27,5,"['funny', 'blatant misinformation', 'study habits']","['neutral', 'none', 'homework help']","['funny', 'mild misinformation', 'AI in education']","['ignorant', 'blatant misinformation', 'homework help']","['negative', 'blatant misinformation', 'study habits']","['ignorant', 'none', 'exam prep']"
"Teachers of Reddit, how do you feel about remote teaching?",4759,385,Do professors even know how to use tech properly?,2024-04-02,5,"['positive', 'none', 'study habits']","['neutral', 'none', 'homework help']","['negative', 'mild misinformation', 'exam prep']","['positive', 'none', 'homework help']","['funny', 'none', 'homework help']","['negative', 'none', 'mental health']"
"ChatGPT gave me a wrong answer, should I trust it?",1425,23,Using Pomodoro technique and ambient music. Works like magic!,2024-01-01,5,"['negative', 'none', 'Zoom classes']","['neutral', 'blatant misinformation', 'study habits']","['positive', 'mild misinformation', 'online learning']","['funny', 'mild misinformation', 'mental health']","['ignorant', 'blatant misinformation', 'AI in education']","['funny', 'none', 'online learning']"
Study hacks that genuinely work â€“ drop them here!,2929,100,I tried using ChatGPT to do my homework and it gave me outdated info.,2023-05-10,5,"['ignorant', 'blatant misinformation', 'homework help']","['neutral', 'blatant misinformation', 'exam prep']","['funny', 'none', 'homework help']","['ignorant', 'blatant misinformation', 'homework help']","['positive', 'none', 'Zoom classes']","['positive', 'blatant misinformation', 'exam prep']"
How do you ask questions in huge online classes?,1719,28,I tried using ChatGPT to do my homework and it gave me outdated info.,2023-05-29,5,"['negative', 'mild misinformation', 'AI in education']","['negative', 'blatant misinformation', 'mental health']","['positive', 'mild misinformation', 'exam prep']","['funny', 'blatant misinformation', 'mental health']","['positive', 'none', 'procrastination']","['ignorant', 'blatant misinformation', 'mental health']"
Do you think AI is helping or hurting education?,4595,476,I've started using Notion and it's been a game-changer for organizing lectures.,2023-07-29,5,"['negative', 'blatant misinformation', 'study habits']","['negative', 'blatant misinformation', 'procrastination']","['ignorant', 'none', 'exam prep']","['positive', 'mild misinformation', 'AI in education']","['neutral', 'none', 'AI in education']","['negative', 'blatant misinformation', 'study habits']"
Study hacks that genuinely work â€“ drop them here!,3821,37,I feel like I forget everything right after my online classes.,2024-05-18,5,"['neutral', 'none', 'homework help']","['ignorant', 'mild misinformation', 'exam prep']","['neutral', 'mild misinformation', 'study habits']","['negative', 'blatant misinformation', 'mental health']","['ignorant', 'mild misinformation', 'procrastination']","['neutral', 'blatant misinformation', 'study habits']"
Why is procrastination so hard to beat?,4611,156,I tried using ChatGPT to do my homework and it gave me outdated info.,2024-10-09,5,"['funny', 'blatant misinformation', 'homework help']","['ignorant', 'blatant misinformation', 'Zoom classes']","['positive', 'mild misinformation', 'Zoom classes']","['positive', 'none', 'mental health']","['funny', 'blatant misinformation', 'AI in education']","['positive', 'mild misinformation', 'mental health']"
Best tools for staying organized in online classes?,2742,406,I tried using ChatGPT to do my homework and it gave me outdated info.,2023-10-27,5,"['positive', 'mild misinformation', 'online learning']","['funny', 'mild misinformation', 'mental health']","['positive', 'mild misinformation', 'homework help']","['ignorant', 'none', 'study habits']","['funny', 'none', 'study habits']","['funny', 'blatant misinformation', 'procrastination']"
This happened during my online exam ðŸ˜‚,625,19,I'm curious how AI tools like ChatGPT are affecting studentsâ€™ learning. Are they helping too much?,2024-06-02,5,"['positive', 'mild misinformation', 'mental health']","['neutral', 'mild misinformation', 'homework help']","['negative', 'blatant misinformation', 'AI in education']","['ignorant', 'none', 'Zoom classes']","['neutral', 'none', 'Zoom classes']","['negative', 'none', 'exam prep']"
How do you ask questions in huge online classes?,730,394,Some students don't even turn their cameras on. How do teachers know they're learning?,2023-04-07,5,"['funny', 'mild misinformation', 'procrastination']","['ignorant', 'blatant misinformation', 'procrastination']","['funny', 'blatant misinformation', 'homework help']","['neutral', 'mild misinformation', 'mental health']","['ignorant', 'mild misinformation', 'mental health']","['neutral', 'blatant misinformation', 'procrastination']"
Why is procrastination so hard to beat?,2389,478,Some students don't even turn their cameras on. How do teachers know they're learning?,2024-12-14,5,"['funny', 'mild misinformation', 'mental health']","['funny', 'none', 'mental health']","['ignorant', 'blatant misinformation', 'online learning']","['positive', 'blatant misinformation', 'Zoom classes']","['negative', 'blatant misinformation', 'AI in education']","['neutral', 'none', 'homework help']"
Are study groups better in person or online?,2031,447,I tried using ChatGPT to do my homework and it gave me outdated info.,2024-04-28,5,"['negative', 'blatant misinformation', 'procrastination']","['negative', 'mild misinformation', 'study habits']","['ignorant', 'none', 'Zoom classes']","['negative', 'none', 'Zoom classes']","['neutral', 'mild misinformation', 'AI in education']","['funny', 'blatant misinformation', 'exam prep']"
Do you think AI is helping or hurting education?,2675,6,I got caught cheating by my webcam AI proctor. Oops!,2023-01-12,5,"['positive', 'blatant misinformation', 'AI in education']","['neutral', 'mild misinformation', 'AI in education']","['neutral', 'none', 'procrastination']","['positive', 'none', 'AI in education']","['funny', 'none', 'procrastination']","['negative', 'mild misinformation', 'Zoom classes']"
Do you think AI is helping or hurting education?,3725,289,I got caught cheating by my webcam AI proctor. Oops!,2024-08-23,5,"['ignorant', 'blatant misinformation', 'online learning']","['neutral', 'mild misinformation', 'online learning']","['positive', 'none', 'study habits']","['positive', 'mild misinformation', 'procrastination']","['funny', 'mild misinformation', 'Zoom classes']","['negative', 'none', 'mental health']"
Anyone else feel more stressed in online school?,3699,434,Some students don't even turn their cameras on. How do teachers know they're learning?,2024-01-11,5,"['neutral', 'none', 'procrastination']","['ignorant', 'blatant misinformation', 'study habits']","['positive', 'none', 'procrastination']","['ignorant', 'none', 'homework help']","['negative', 'blatant misinformation', 'exam prep']","['neutral', 'mild misinformation', 'Zoom classes']"
Best tools for staying organized in online classes?,3238,272,I got caught cheating by my webcam AI proctor. Oops!,2024-11-21,5,"['funny', 'none', 'AI in education']","['positive', 'none', 'exam prep']","['negative', 'mild misinformation', 'procrastination']","['neutral', 'mild misinformation', 'exam prep']","['neutral', 'mild misinformation', 'study habits']","['ignorant', 'blatant misinformation', 'procrastination']"
"ChatGPT gave me a wrong answer, should I trust it?",448,6,I'm curious how AI tools like ChatGPT are affecting studentsâ€™ learning. Are they helping too much?,2023-10-05,5,"['funny', 'blatant misinformation', 'procrastination']","['ignorant', 'none', 'mental health']","['positive', 'blatant misinformation', 'Zoom classes']","['neutral', 'blatant misinformation', 'procrastination']","['ignorant', 'none', 'exam prep']","['negative', 'none', 'Zoom classes']"
Are study groups better in person or online?,4167,210,I tried using ChatGPT to do my homework and it gave me outdated info.,2023-08-30,5,"['positive', 'mild misinformation', 'homework help']","['negative', 'mild misinformation', 'procrastination']","['negative', 'mild misinformation', 'exam prep']","['neutral', 'mild misinformation', 'procrastination']","['ignorant', 'mild misinformation', 'study habits']","['neutral', 'mild misinformation', 'mental health']"
"Teachers of Reddit, how do you feel about remote teaching?",135,417,Using Pomodoro technique and ambient music. Works like magic!,2024-07-16,5,"['funny', 'mild misinformation', 'mental health']","['funny', 'none', 'online learning']","['funny', 'none', 'online learning']","['positive', 'mild misinformation', 'Zoom classes']","['funny', 'mild misinformation', 'homework help']","['funny', 'blatant misinformation', 'study habits']"
Best tools for staying organized in online classes?,201,78,I tried using ChatGPT to do my homework and it gave me outdated info.,2023-05-09,5,"['neutral', 'none', 'homework help']","['funny', 'blatant misinformation', 'Zoom classes']","['ignorant', 'mild misinformation', 'Zoom classes']","['neutral', 'blatant misinformation', 'study habits']","['negative', 'blatant misinformation', 'procrastination']","['ignorant', 'blatant misinformation', 'exam prep']"
Anyone else feel more stressed in online school?,711,133,I've started using Notion and it's been a game-changer for organizing lectures.,2023-01-19,5,"['funny', 'blatant misinformation', 'AI in education']","['ignorant', 'mild misinformation', 'online learning']","['ignorant', 'blatant misinformation', 'homework help']","['negative', 'blatant misinformation', 'procrastination']","['ignorant', 'blatant misinformation', 'online learning']","['ignorant', 'blatant misinformation', 'exam prep']"
"ChatGPT gave me a wrong answer, should I trust it?",1402,427,Using Pomodoro technique and ambient music. Works like magic!,2023-08-31,5,"['ignorant', 'blatant misinformation', 'exam prep']","['neutral', 'none', 'procrastination']","['positive', 'mild misinformation', 'exam prep']","['positive', 'none', 'homework help']","['neutral', 'blatant misinformation', 'mental health']","['negative', 'none', 'procrastination']"
Why is procrastination so hard to beat?,4418,19,I'm curious how AI tools like ChatGPT are affecting studentsâ€™ learning. Are they helping too much?,2023-03-22,5,"['neutral', 'none', 'online learning']","['ignorant', 'none', 'homework help']","['negative', 'blatant misinformation', 'AI in education']","['ignorant', 'mild misinformation', 'homework help']","['negative', 'mild misinformation', 'procrastination']","['funny', 'mild misinformation', 'online learning']"
Why is procrastination so hard to beat?,1395,348,"Honestly, I find online classes way more exhausting than in-person ones.",2023-06-19,5,"['positive', 'blatant misinformation', 'mental health']","['neutral', 'none', 'study habits']","['neutral', 'blatant misinformation', 'exam prep']","['negative', 'blatant misinformation', 'study habits']","['negative', 'none', 'AI in education']","['negative', 'none', 'AI in education']"
Anyone else feel more stressed in online school?,2174,298,Some students don't even turn their cameras on. How do teachers know they're learning?,2024-05-24,5,"['funny', 'none', 'study habits']","['negative', 'blatant misinformation', 'procrastination']","['positive', 'none', 'AI in education']","['neutral', 'blatant misinformation', 'exam prep']","['positive', 'blatant misinformation', 'online learning']","['ignorant', 'mild misinformation', 'mental health']"
Best tools for staying organized in online classes?,833,267,I've started using Notion and it's been a game-changer for organizing lectures.,2023-02-12,5,"['funny', 'none', 'online learning']","['funny', 'blatant misinformation', 'Zoom classes']","['funny', 'none', 'Zoom classes']","['positive', 'mild misinformation', 'exam prep']","['negative', 'none', 'study habits']","['ignorant', 'none', 'homework help']"
Are study groups better in person or online?,2427,172,I got caught cheating by my webcam AI proctor. Oops!,2024-04-05,5,"['neutral', 'blatant misinformation', 'Zoom classes']","['negative', 'mild misinformation', 'study habits']","['funny', 'mild misinformation', 'study habits']","['negative', 'mild misinformation', 'Zoom classes']","['ignorant', 'mild misinformation', 'procrastination']","['neutral', 'mild misinformation', 'study habits']"
Best tools for staying organized in online classes?,4312,420,I got caught cheating by my webcam AI proctor. Oops!,2023-08-11,5,"['positive', 'mild misinformation', 'AI in education']","['funny', 'blatant misinformation', 'AI in education']","['neutral', 'blatant misinformation', 'study habits']","['positive', 'blatant misinformation', 'study habits']","['negative', 'none', 'AI in education']","['ignorant', 'mild misinformation', 'procrastination']"
Are study groups better in person or online?,1889,312,I've started using Notion and it's been a game-changer for organizing lectures.,2024-05-29,5,"['positive', 'blatant misinformation', 'study habits']","['ignorant', 'blatant misinformation', 'mental health']","['neutral', 'none', 'study habits']","['negative', 'blatant misinformation', 'online learning']","['funny', 'mild misinformation', 'AI in education']","['negative', 'blatant misinformation', 'exam prep']"
"Teachers of Reddit, how do you feel about remote teaching?",1036,146,I got caught cheating by my webcam AI proctor. Oops!,2024-04-09,5,"['positive', 'mild misinformation', 'AI in education']","['positive', 'blatant misinformation', 'study habits']","['ignorant', 'mild misinformation', 'online learning']","['positive', 'none', 'Zoom classes']","['neutral', 'blatant misinformation', 'Zoom classes']","['neutral', 'mild misinformation', 'Zoom classes']"
How do you ask questions in huge online classes?,2609,375,"Honestly, I find online classes way more exhausting than in-person ones.",2023-03-12,5,"['neutral', 'blatant misinformation', 'exam prep']","['positive', 'none', 'study habits']","['ignorant', 'blatant misinformation', 'study habits']","['funny', 'blatant misinformation', 'procrastination']","['positive', 'blatant misinformation', 'homework help']","['positive', 'blatant misinformation', 'online learning']"
Anyone else feel more stressed in online school?,2024,240,I got caught cheating by my webcam AI proctor. Oops!,2024-08-27,5,"['neutral', 'blatant misinformation', 'study habits']","['negative', 'none', 'study habits']","['funny', 'mild misinformation', 'AI in education']","['ignorant', 'blatant misinformation', 'AI in education']","['ignorant', 'none', 'AI in education']","['neutral', 'mild misinformation', 'homework help']"
Best tools for staying organized in online classes?,385,199,I tried using ChatGPT to do my homework and it gave me outdated info.,2023-01-06,5,"['negative', 'none', 'mental health']","['funny', 'blatant misinformation', 'online learning']","['ignorant', 'none', 'mental health']","['negative', 'none', 'mental health']","['positive', 'blatant misinformation', 'procrastination']","['neutral', 'blatant misinformation', 'Zoom classes']"
This happened during my online exam ðŸ˜‚,4444,241,"Honestly, I find online classes way more exhausting than in-person ones.",2023-06-07,5,"['negative', 'mild misinformation', 'procrastination']","['neutral', 'blatant misinformation', 'exam prep']","['neutral', 'mild misinformation', 'AI in education']","['neutral', 'mild misinformation', 'online learning']","['neutral', 'none', 'Zoom classes']","['neutral', 'mild misinformation', 'AI in education']"
Why is procrastination so hard to beat?,3324,460,I got caught cheating by my webcam AI proctor. Oops!,2023-04-18,5,"['funny', 'mild misinformation', 'AI in education']","['ignorant', 'blatant misinformation', 'AI in education']","['negative', 'blatant misinformation', 'homework help']","['ignorant', 'none', 'homework help']","['neutral', 'none', 'exam prep']","['positive', 'none', 'exam prep']"
Do you think AI is helping or hurting education?,385,240,Using Pomodoro technique and ambient music. Works like magic!,2023-07-07,5,"['negative', 'none', 'Zoom classes']","['positive', 'mild misinformation', 'homework help']","['positive', 'blatant misinformation', 'study habits']","['positive', 'mild misinformation', 'mental health']","['ignorant', 'blatant misinformation', 'online learning']","['ignorant', 'mild misinformation', 'exam prep']"
Best tools for staying organized in online classes?,1981,337,I got caught cheating by my webcam AI proctor. Oops!,2024-10-10,5,"['neutral', 'blatant misinformation', 'exam prep']","['neutral', 'mild misinformation', 'procrastination']","['negative', 'mild misinformation', 'AI in education']","['funny', 'none', 'exam prep']","['positive', 'none', 'online learning']","['neutral', 'mild misinformation', 'mental health']"
"Teachers of Reddit, how do you feel about remote teaching?",4165,317,I tried using ChatGPT to do my homework and it gave me outdated info.,2024-03-18,5,"['neutral', 'none', 'procrastination']","['neutral', 'blatant misinformation', 'homework help']","['ignorant', 'none', 'homework help']","['neutral', 'none', 'mental health']","['ignorant', 'none', 'mental health']","['neutral', 'none', 'mental health']"
Anyone else feel more stressed in online school?,4199,104,I got caught cheating by my webcam AI proctor. Oops!,2023-09-29,5,"['funny', 'none', 'study habits']","['ignorant', 'mild misinformation', 'procrastination']","['ignorant', 'mild misinformation', 'study habits']","['positive', 'blatant misinformation', 'study habits']","['funny', 'mild misinformation', 'mental health']","['funny', 'mild misinformation', 'homework help']"
How do you ask questions in huge online classes?,4201,91,I feel like I forget everything right after my online classes.,2023-05-10,5,"['ignorant', 'blatant misinformation', 'AI in education']","['positive', 'mild misinformation', 'AI in education']","['negative', 'none', 'Zoom classes']","['funny', 'none', 'Zoom classes']","['negative', 'none', 'study habits']","['negative', 'mild misinformation', 'exam prep']"
This happened during my online exam ðŸ˜‚,2588,314,Using Pomodoro technique and ambient music. Works like magic!,2023-07-12,5,"['positive', 'mild misinformation', 'procrastination']","['positive', 'none', 'online learning']","['funny', 'none', 'online learning']","['ignorant', 'blatant misinformation', 'AI in education']","['funny', 'blatant misinformation', 'study habits']","['positive', 'mild misinformation', 'homework help']"
Are study groups better in person or online?,1933,229,"Honestly, I find online classes way more exhausting than in-person ones.",2024-04-06,5,"['ignorant', 'none', 'homework help']","['funny', 'none', 'AI in education']","['neutral', 'none', 'procrastination']","['funny', 'none', 'Zoom classes']","['neutral', 'none', 'homework help']","['ignorant', 'none', 'homework help']"
Best tools for staying organized in online classes?,413,49,Using Pomodoro technique and ambient music. Works like magic!,2023-01-19,5,"['ignorant', 'mild misinformation', 'online learning']","['positive', 'blatant misinformation', 'exam prep']","['negative', 'mild misinformation', 'study habits']","['ignorant', 'mild misinformation', 'mental health']","['positive', 'mild misinformation', 'procrastination']","['positive', 'mild misinformation', 'exam prep']"
"ChatGPT gave me a wrong answer, should I trust it?",2245,149,"No matter what I try, I end up scrolling instead of studying.",2023-09-28,5,"['positive', 'none', 'online learning']","['funny', 'mild misinformation', 'exam prep']","['funny', 'mild misinformation', 'AI in education']","['funny', 'blatant misinformation', 'online learning']","['neutral', 'none', 'mental health']","['neutral', 'blatant misinformation', 'AI in education']"
This happened during my online exam ðŸ˜‚,2988,182,Do professors even know how to use tech properly?,2024-04-06,5,"['neutral', 'none', 'homework help']","['ignorant', 'mild misinformation', 'AI in education']","['funny', 'blatant misinformation', 'mental health']","['positive', 'blatant misinformation', 'online learning']","['positive', 'blatant misinformation', 'exam prep']","['negative', 'mild misinformation', 'exam prep']"
Study hacks that genuinely work â€“ drop them here!,4171,474,I feel like I forget everything right after my online classes.,2024-03-29,5,"['positive', 'mild misinformation', 'exam prep']","['ignorant', 'blatant misinformation', 'online learning']","['negative', 'none', 'homework help']","['positive', 'none', 'online learning']","['ignorant', 'none', 'AI in education']","['neutral', 'blatant misinformation', 'procrastination']"
Are study groups better in person or online?,3143,481,I've started using Notion and it's been a game-changer for organizing lectures.,2023-12-16,5,"['ignorant', 'blatant misinformation', 'Zoom classes']","['negative', 'blatant misinformation', 'homework help']","['negative', 'none', 'procrastination']","['neutral', 'blatant misinformation', 'homework help']","['neutral', 'none', 'Zoom classes']","['neutral', 'blatant misinformation', 'study habits']"
"Teachers of Reddit, how do you feel about remote teaching?",3046,82,Some students don't even turn their cameras on. How do teachers know they're learning?,2024-02-26,5,"['funny', 'none', 'exam prep']","['negative', 'mild misinformation', 'online learning']","['neutral', 'mild misinformation', 'AI in education']","['funny', 'none', 'AI in education']","['ignorant', 'mild misinformation', 'online learning']","['positive', 'none', 'online learning']"
This happened during my online exam ðŸ˜‚,1903,352,"Honestly, I find online classes way more exhausting than in-person ones.",2024-01-09,5,"['ignorant', 'none', 'homework help']","['positive', 'none', 'AI in education']","['neutral', 'blatant misinformation', 'procrastination']","['ignorant', 'none', 'AI in education']","['negative', 'blatant misinformation', 'exam prep']","['positive', 'mild misinformation', 'Zoom classes']"
How do you ask questions in huge online classes?,2774,176,Do professors even know how to use tech properly?,2023-12-29,5,"['positive', 'mild misinformation', 'mental health']","['ignorant', 'mild misinformation', 'Zoom classes']","['neutral', 'blatant misinformation', 'procrastination']","['funny', 'none', 'Zoom classes']","['ignorant', 'none', 'Zoom classes']","['neutral', 'blatant misinformation', 'mental health']"
"ChatGPT gave me a wrong answer, should I trust it?",1500,375,"Honestly, I find online classes way more exhausting than in-person ones.",2024-02-19,5,"['positive', 'blatant misinformation', 'procrastination']","['ignorant', 'none', 'AI in education']","['funny', 'none', 'study habits']","['positive', 'blatant misinformation', 'procrastination']","['funny', 'blatant misinformation', 'Zoom classes']","['funny', 'mild misinformation', 'procrastination']"
Study hacks that genuinely work â€“ drop them here!,1818,80,I've started using Notion and it's been a game-changer for organizing lectures.,2024-10-06,5,"['neutral', 'blatant misinformation', 'exam prep']","['funny', 'blatant misinformation', 'study habits']","['neutral', 'blatant misinformation', 'procrastination']","['funny', 'none', 'procrastination']","['funny', 'blatant misinformation', 'mental health']","['negative', 'blatant misinformation', 'Zoom classes']"
How do you ask questions in huge online classes?,368,447,"Honestly, I find online classes way more exhausting than in-person ones.",2024-11-03,5,"['funny', 'blatant misinformation', 'online learning']","['positive', 'mild misinformation', 'online learning']","['ignorant', 'none', 'mental health']","['positive', 'mild misinformation', 'online learning']","['funny', 'blatant misinformation', 'procrastination']","['funny', 'blatant misinformation', 'exam prep']"
"Teachers of Reddit, how do you feel about remote teaching?",1891,40,I feel like I forget everything right after my online classes.,2024-07-12,5,"['funny', 'none', 'mental health']","['positive', 'none', 'exam prep']","['ignorant', 'none', 'Zoom classes']","['funny', 'mild misinformation', 'procrastination']","['neutral', 'mild misinformation', 'exam prep']","['neutral', 'none', 'Zoom classes']"
This happened during my online exam ðŸ˜‚,3657,310,I got caught cheating by my webcam AI proctor. Oops!,2023-06-11,5,"['negative', 'none', 'online learning']","['funny', 'none', 'procrastination']","['ignorant', 'mild misinformation', 'procrastination']","['negative', 'none', 'procrastination']","['negative', 'mild misinformation', 'online learning']","['funny', 'blatant misinformation', 'Zoom classes']"
"ChatGPT gave me a wrong answer, should I trust it?",2466,77,I got caught cheating by my webcam AI proctor. Oops!,2023-09-24,5,"['funny', 'none', 'Zoom classes']","['ignorant', 'none', 'Zoom classes']","['positive', 'mild misinformation', 'AI in education']","['ignorant', 'blatant misinformation', 'mental health']","['neutral', 'mild misinformation', 'homework help']","['positive', 'mild misinformation', 'homework help']"
Study hacks that genuinely work â€“ drop them here!,2786,423,Using Pomodoro technique and ambient music. Works like magic!,2024-01-18,5,"['positive', 'none', 'exam prep']","['ignorant', 'none', 'exam prep']","['funny', 'none', 'online learning']","['funny', 'mild misinformation', 'Zoom classes']","['funny', 'mild misinformation', 'procrastination']","['ignorant', 'mild misinformation', 'AI in education']"
Study hacks that genuinely work â€“ drop them here!,2652,317,I tried using ChatGPT to do my homework and it gave me outdated info.,2024-05-01,5,"['positive', 'mild misinformation', 'AI in education']","['funny', 'mild misinformation', 'homework help']","['negative', 'blatant misinformation', 'procrastination']","['negative', 'none', 'homework help']","['positive', 'mild misinformation', 'study habits']","['positive', 'none', 'exam prep']"
Anyone else feel more stressed in online school?,4731,58,I feel like I forget everything right after my online classes.,2024-03-05,5,"['positive', 'blatant misinformation', 'procrastination']","['funny', 'none', 'procrastination']","['funny', 'none', 'online learning']","['positive', 'mild misinformation', 'Zoom classes']","['positive', 'blatant misinformation', 'mental health']","['negative', 'none', 'mental health']"
Do you think AI is helping or hurting education?,3998,84,I've started using Notion and it's been a game-changer for organizing lectures.,2023-07-27,5,"['neutral', 'mild misinformation', 'procrastination']","['funny', 'blatant misinformation', 'online learning']","['neutral', 'none', 'Zoom classes']","['ignorant', 'blatant misinformation', 'homework help']","['negative', 'none', 'Zoom classes']","['positive', 'blatant misinformation', 'homework help']"
Anyone else feel more stressed in online school?,619,415,"No matter what I try, I end up scrolling instead of studying.",2023-01-17,5,"['neutral', 'mild misinformation', 'procrastination']","['funny', 'mild misinformation', 'Zoom classes']","['negative', 'none', 'AI in education']","['negative', 'none', 'exam prep']","['funny', 'none', 'mental health']","['neutral', 'blatant misinformation', 'Zoom classes']"
Anyone else feel more stressed in online school?,925,291,I tried using ChatGPT to do my homework and it gave me outdated info.,2024-11-04,5,"['ignorant', 'blatant misinformation', 'Zoom classes']","['ignorant', 'mild misinformation', 'online learning']","['ignorant', 'blatant misinformation', 'online learning']","['positive', 'mild misinformation', 'mental health']","['neutral', 'mild misinformation', 'AI in education']","['ignorant', 'blatant misinformation', 'mental health']"
"Teachers of Reddit, how do you feel about remote teaching?",1870,69,I tried using ChatGPT to do my homework and it gave me outdated info.,2024-03-30,5,"['positive', 'mild misinformation', 'online learning']","['positive', 'none', 'mental health']","['funny', 'mild misinformation', 'exam prep']","['negative', 'mild misinformation', 'mental health']","['ignorant', 'none', 'exam prep']","['neutral', 'none', 'procrastination']"
"Teachers of Reddit, how do you feel about remote teaching?",1909,203,Do professors even know how to use tech properly?,2023-08-28,5,"['ignorant', 'blatant misinformation', 'mental health']","['neutral', 'mild misinformation', 'procrastination']","['negative', 'mild misinformation', 'AI in education']","['positive', 'mild misinformation', 'AI in education']","['neutral', 'none', 'mental health']","['positive', 'mild misinformation', 'Zoom classes']"
How do you ask questions in huge online classes?,4954,177,Some students don't even turn their cameras on. How do teachers know they're learning?,2024-11-02,5,"['funny', 'blatant misinformation', 'mental health']","['positive', 'blatant misinformation', 'homework help']","['positive', 'blatant misinformation', 'AI in education']","['funny', 'mild misinformation', 'mental health']","['funny', 'blatant misinformation', 'procrastination']","['funny', 'mild misinformation', 'online learning']"
How do you ask questions in huge online classes?,4872,61,Do professors even know how to use tech properly?,2024-11-22,5,"['positive', 'blatant misinformation', 'procrastination']","['neutral', 'mild misinformation', 'Zoom classes']","['positive', 'mild misinformation', 'AI in education']","['neutral', 'blatant misinformation', 'mental health']","['negative', 'none', 'AI in education']","['negative', 'blatant misinformation', 'mental health']"
How do you ask questions in huge online classes?,1586,263,I've started using Notion and it's been a game-changer for organizing lectures.,2023-12-11,5,"['negative', 'mild misinformation', 'exam prep']","['funny', 'mild misinformation', 'study habits']","['positive', 'mild misinformation', 'AI in education']","['negative', 'mild misinformation', 'procrastination']","['positive', 'blatant misinformation', 'exam prep']","['neutral', 'none', 'study habits']"
This happened during my online exam ðŸ˜‚,3583,174,I feel like I forget everything right after my online classes.,2024-02-24,5,"['funny', 'blatant misinformation', 'exam prep']","['ignorant', 'blatant misinformation', 'study habits']","['negative', 'blatant misinformation', 'mental health']","['ignorant', 'blatant misinformation', 'procrastination']","['ignorant', 'mild misinformation', 'homework help']","['ignorant', 'mild misinformation', 'study habits']"
"ChatGPT gave me a wrong answer, should I trust it?",3060,301,"No matter what I try, I end up scrolling instead of studying.",2024-08-02,5,"['negative', 'none', 'procrastination']","['neutral', 'mild misinformation', 'homework help']","['negative', 'mild misinformation', 'homework help']","['negative', 'none', 'Zoom classes']","['neutral', 'none', 'exam prep']","['positive', 'none', 'exam prep']"
Study hacks that genuinely work â€“ drop them here!,3014,291,I've started using Notion and it's been a game-changer for organizing lectures.,2023-09-16,5,"['ignorant', 'mild misinformation', 'study habits']","['ignorant', 'none', 'procrastination']","['positive', 'none', 'homework help']","['neutral', 'none', 'procrastination']","['ignorant', 'mild misinformation', 'exam prep']","['neutral', 'blatant misinformation', 'procrastination']"
"ChatGPT gave me a wrong answer, should I trust it?",3178,420,Using Pomodoro technique and ambient music. Works like magic!,2024-11-23,5,"['neutral', 'blatant misinformation', 'homework help']","['neutral', 'none', 'exam prep']","['funny', 'mild misinformation', 'mental health']","['negative', 'none', 'homework help']","['funny', 'blatant misinformation', 'study habits']","['neutral', 'blatant misinformation', 'study habits']"
Are study groups better in person or online?,220,220,"Honestly, I find online classes way more exhausting than in-person ones.",2023-12-23,5,"['funny', 'mild misinformation', 'online learning']","['positive', 'none', 'Zoom classes']","['ignorant', 'none', 'mental health']","['ignorant', 'none', 'homework help']","['funny', 'blatant misinformation', 'online learning']","['positive', 'mild misinformation', 'study habits']"
Best tools for staying organized in online classes?,4513,120,"No matter what I try, I end up scrolling instead of studying.",2024-11-27,5,"['neutral', 'none', 'exam prep']","['negative', 'blatant misinformation', 'mental health']","['ignorant', 'mild misinformation', 'mental health']","['neutral', 'blatant misinformation', 'Zoom classes']","['positive', 'blatant misinformation', 'Zoom classes']","['negative', 'blatant misinformation', 'homework help']"
This happened during my online exam ðŸ˜‚,60,188,Using Pomodoro technique and ambient music. Works like magic!,2024-10-16,5,"['ignorant', 'mild misinformation', 'procrastination']","['funny', 'blatant misinformation', 'mental health']","['neutral', 'blatant misinformation', 'study habits']","['negative', 'blatant misinformation', 'mental health']","['negative', 'none', 'study habits']","['ignorant', 'none', 'homework help']"
Best tools for staying organized in online classes?,873,324,I've started using Notion and it's been a game-changer for organizing lectures.,2024-11-24,5,"['neutral', 'mild misinformation', 'exam prep']","['negative', 'blatant misinformation', 'homework help']","['funny', 'blatant misinformation', 'homework help']","['funny', 'mild misinformation', 'Zoom classes']","['ignorant', 'blatant misinformation', 'mental health']","['funny', 'mild misinformation', 'study habits']"
"ChatGPT gave me a wrong answer, should I trust it?",2611,4,"No matter what I try, I end up scrolling instead of studying.",2024-09-16,5,"['negative', 'none', 'exam prep']","['negative', 'none', 'study habits']","['funny', 'mild misinformation', 'Zoom classes']","['ignorant', 'none', 'online learning']","['funny', 'none', 'exam prep']","['positive', 'none', 'procrastination']"
Best tools for staying organized in online classes?,516,230,"No matter what I try, I end up scrolling instead of studying.",2023-05-13,5,"['negative', 'none', 'mental health']","['negative', 'none', 'homework help']","['ignorant', 'mild misinformation', 'mental health']","['positive', 'blatant misinformation', 'AI in education']","['ignorant', 'none', 'mental health']","['ignorant', 'mild misinformation', 'AI in education']"
This happened during my online exam ðŸ˜‚,3943,484,"No matter what I try, I end up scrolling instead of studying.",2024-03-17,5,"['funny', 'mild misinformation', 'study habits']","['funny', 'mild misinformation', 'procrastination']","['negative', 'mild misinformation', 'homework help']","['neutral', 'blatant misinformation', 'study habits']","['ignorant', 'blatant misinformation', 'AI in education']","['ignorant', 'none', 'mental health']"
How do you ask questions in huge online classes?,2795,115,Using Pomodoro technique and ambient music. Works like magic!,2023-05-11,5,"['ignorant', 'blatant misinformation', 'Zoom classes']","['positive', 'mild misinformation', 'procrastination']","['negative', 'none', 'AI in education']","['funny', 'mild misinformation', 'procrastination']","['ignorant', 'none', 'AI in education']","['neutral', 'mild misinformation', 'study habits']"
Do you think AI is helping or hurting education?,3385,335,Do professors even know how to use tech properly?,2023-04-01,5,"['negative', 'none', 'Zoom classes']","['funny', 'none', 'exam prep']","['neutral', 'none', 'homework help']","['neutral', 'mild misinformation', 'procrastination']","['neutral', 'none', 'study habits']","['negative', 'none', 'Zoom classes']"
Anyone else feel more stressed in online school?,4458,464,"Honestly, I find online classes way more exhausting than in-person ones.",2023-05-09,5,"['positive', 'blatant misinformation', 'online learning']","['ignorant', 'mild misinformation', 'study habits']","['negative', 'mild misinformation', 'mental health']","['positive', 'none', 'exam prep']","['funny', 'blatant misinformation', 'AI in education']","['ignorant', 'mild misinformation', 'homework help']"
"Teachers of Reddit, how do you feel about remote teaching?",4530,49,I got caught cheating by my webcam AI proctor. Oops!,2023-08-25,5,"['neutral', 'mild misinformation', 'exam prep']","['negative', 'mild misinformation', 'AI in education']","['positive', 'mild misinformation', 'mental health']","['ignorant', 'none', 'exam prep']","['positive', 'none', 'homework help']","['ignorant', 'none', 'online learning']"
Best tools for staying organized in online classes?,3484,352,Some students don't even turn their cameras on. How do teachers know they're learning?,2024-07-26,5,"['positive', 'blatant misinformation', 'online learning']","['neutral', 'mild misinformation', 'Zoom classes']","['negative', 'none', 'mental health']","['ignorant', 'none', 'AI in education']","['ignorant', 'blatant misinformation', 'online learning']","['positive', 'mild misinformation', 'AI in education']"
Study hacks that genuinely work â€“ drop them here!,3884,93,I got caught cheating by my webcam AI proctor. Oops!,2023-08-18,5,"['negative', 'none', 'mental health']","['neutral', 'none', 'study habits']","['positive', 'blatant misinformation', 'study habits']","['funny', 'mild misinformation', 'online learning']","['negative', 'mild misinformation', 'mental health']","['ignorant', 'none', 'AI in education']"
Are study groups better in person or online?,4912,226,I tried using ChatGPT to do my homework and it gave me outdated info.,2024-08-16,5,"['negative', 'none', 'homework help']","['negative', 'mild misinformation', 'homework help']","['neutral', 'none', 'online learning']","['neutral', 'blatant misinformation', 'exam prep']","['neutral', 'blatant misinformation', 'Zoom classes']","['funny', 'none', 'Zoom classes']"
Study hacks that genuinely work â€“ drop them here!,4779,410,"Honestly, I find online classes way more exhausting than in-person ones.",2023-04-24,5,"['negative', 'none', 'procrastination']","['negative', 'none', 'procrastination']","['positive', 'blatant misinformation', 'Zoom classes']","['funny', 'none', 'homework help']","['neutral', 'blatant misinformation', 'AI in education']","['funny', 'none', 'Zoom classes']"
How do you ask questions in huge online classes?,1247,298,I tried using ChatGPT to do my homework and it gave me outdated info.,2024-02-03,5,"['ignorant', 'blatant misinformation', 'online learning']","['ignorant', 'blatant misinformation', 'exam prep']","['neutral', 'mild misinformation', 'mental health']","['negative', 'mild misinformation', 'procrastination']","['ignorant', 'none', 'mental health']","['positive', 'blatant misinformation', 'Zoom classes']"
"Teachers of Reddit, how do you feel about remote teaching?",2200,226,I got caught cheating by my webcam AI proctor. Oops!,2023-04-01,5,"['neutral', 'mild misinformation', 'study habits']","['negative', 'mild misinformation', 'exam prep']","['funny', 'none', 'exam prep']","['funny', 'none', 'procrastination']","['negative', 'none', 'homework help']","['ignorant', 'blatant misinformation', 'procrastination']"
Anyone else feel more stressed in online school?,3733,78,I tried using ChatGPT to do my homework and it gave me outdated info.,2023-03-24,5,"['neutral', 'blatant misinformation', 'Zoom classes']","['neutral', 'mild misinformation', 'mental health']","['negative', 'blatant misinformation', 'Zoom classes']","['positive', 'mild misinformation', 'mental health']","['negative', 'none', 'procrastination']","['funny', 'blatant misinformation', 'study habits']"
"Teachers of Reddit, how do you feel about remote teaching?",4259,173,I feel like I forget everything right after my online classes.,2023-06-09,5,"['funny', 'none', 'procrastination']","['neutral', 'blatant misinformation', 'homework help']","['funny', 'blatant misinformation', 'mental health']","['funny', 'mild misinformation', 'AI in education']","['positive', 'blatant misinformation', 'mental health']","['neutral', 'none', 'study habits']"
Anyone else feel more stressed in online school?,1225,136,I tried using ChatGPT to do my homework and it gave me outdated info.,2023-11-19,5,"['negative', 'mild misinformation', 'homework help']","['positive', 'mild misinformation', 'AI in education']","['positive', 'mild misinformation', 'homework help']","['positive', 'none', 'study habits']","['neutral', 'blatant misinformation', 'study habits']","['funny', 'blatant misinformation', 'online learning']"
Why is procrastination so hard to beat?,4271,132,I feel like I forget everything right after my online classes.,2024-12-13,5,"['ignorant', 'mild misinformation', 'procrastination']","['neutral', 'mild misinformation', 'study habits']","['ignorant', 'mild misinformation', 'homework help']","['ignorant', 'mild misinformation', 'online learning']","['funny', 'mild misinformation', 'online learning']","['ignorant', 'mild misinformation', 'study habits']"
Are study groups better in person or online?,4512,176,I got caught cheating by my webcam AI proctor. Oops!,2024-07-13,5,"['negative', 'mild misinformation', 'study habits']","['neutral', 'none', 'study habits']","['negative', 'none', 'Zoom classes']","['funny', 'none', 'homework help']","['negative', 'blatant misinformation', 'AI in education']","['negative', 'none', 'mental health']"
"ChatGPT gave me a wrong answer, should I trust it?",683,87,I got caught cheating by my webcam AI proctor. Oops!,2024-10-06,5,"['ignorant', 'blatant misinformation', 'online learning']","['ignorant', 'blatant misinformation', 'exam prep']","['negative', 'blatant misinformation', 'exam prep']","['positive', 'none', 'procrastination']","['funny', 'none', 'AI in education']","['ignorant', 'mild misinformation', 'homework help']"
Do you think AI is helping or hurting education?,3120,177,I got caught cheating by my webcam AI proctor. Oops!,2023-07-28,5,"['negative', 'blatant misinformation', 'homework help']","['ignorant', 'none', 'exam prep']","['funny', 'mild misinformation', 'AI in education']","['ignorant', 'none', 'AI in education']","['neutral', 'blatant misinformation', 'AI in education']","['positive', 'mild misinformation', 'online learning']"
"ChatGPT gave me a wrong answer, should I trust it?",4418,122,Using Pomodoro technique and ambient music. Works like magic!,2023-09-11,5,"['ignorant', 'mild misinformation', 'Zoom classes']","['ignorant', 'mild misinformation', 'Zoom classes']","['neutral', 'mild misinformation', 'online learning']","['neutral', 'mild misinformation', 'homework help']","['funny', 'none', 'procrastination']","['neutral', 'blatant misinformation', 'homework help']"
Do you think AI is helping or hurting education?,2607,90,Using Pomodoro technique and ambient music. Works like magic!,2023-11-30,5,"['positive', 'blatant misinformation', 'mental health']","['positive', 'none', 'homework help']","['ignorant', 'none', 'exam prep']","['ignorant', 'mild misinformation', 'exam prep']","['ignorant', 'mild misinformation', 'AI in education']","['positive', 'none', 'homework help']"
Anyone else feel more stressed in online school?,2399,147,I've started using Notion and it's been a game-changer for organizing lectures.,2023-05-11,5,"['neutral', 'mild misinformation', 'AI in education']","['funny', 'none', 'AI in education']","['neutral', 'blatant misinformation', 'exam prep']","['funny', 'mild misinformation', 'procrastination']","['neutral', 'mild misinformation', 'AI in education']","['ignorant', 'blatant misinformation', 'Zoom classes']"
This happened during my online exam ðŸ˜‚,4530,226,"Honestly, I find online classes way more exhausting than in-person ones.",2024-04-28,5,"['negative', 'none', 'mental health']","['positive', 'mild misinformation', 'Zoom classes']","['neutral', 'blatant misinformation', 'mental health']","['positive', 'blatant misinformation', 'AI in education']","['funny', 'none', 'study habits']","['positive', 'none', 'mental health']"
Best tools for staying organized in online classes?,1462,184,"No matter what I try, I end up scrolling instead of studying.",2023-01-31,5,"['positive', 'mild misinformation', 'homework help']","['neutral', 'none', 'online learning']","['ignorant', 'none', 'procrastination']","['ignorant', 'blatant misinformation', 'homework help']","['negative', 'blatant misinformation', 'AI in education']","['negative', 'mild misinformation', 'mental health']"
Anyone else feel more stressed in online school?,4363,454,Some students don't even turn their cameras on. How do teachers know they're learning?,2023-01-08,5,"['positive', 'mild misinformation', 'exam prep']","['funny', 'mild misinformation', 'procrastination']","['funny', 'blatant misinformation', 'homework help']","['neutral', 'blatant misinformation', 'mental health']","['funny', 'none', 'procrastination']","['neutral', 'none', 'AI in education']"
This happened during my online exam ðŸ˜‚,997,410,Some students don't even turn their cameras on. How do teachers know they're learning?,2024-03-11,5,"['neutral', 'mild misinformation', 'online learning']","['negative', 'none', 'mental health']","['neutral', 'blatant misinformation', 'mental health']","['funny', 'blatant misinformation', 'exam prep']","['neutral', 'mild misinformation', 'study habits']","['negative', 'blatant misinformation', 'procrastination']"
Study hacks that genuinely work â€“ drop them here!,759,318,"No matter what I try, I end up scrolling instead of studying.",2023-07-30,5,"['negative', 'blatant misinformation', 'exam prep']","['funny', 'blatant misinformation', 'study habits']","['ignorant', 'mild misinformation', 'exam prep']","['neutral', 'blatant misinformation', 'online learning']","['positive', 'none', 'procrastination']","['negative', 'mild misinformation', 'AI in education']"
Why is procrastination so hard to beat?,4456,393,I've started using Notion and it's been a game-changer for organizing lectures.,2024-09-11,5,"['ignorant', 'blatant misinformation', 'homework help']","['neutral', 'mild misinformation', 'homework help']","['funny', 'blatant misinformation', 'procrastination']","['positive', 'mild misinformation', 'study habits']","['positive', 'mild misinformation', 'procrastination']","['ignorant', 'mild misinformation', 'exam prep']"
Best tools for staying organized in online classes?,2972,496,"No matter what I try, I end up scrolling instead of studying.",2023-10-09,5,"['ignorant', 'none', 'study habits']","['negative', 'none', 'homework help']","['neutral', 'none', 'AI in education']","['ignorant', 'none', 'mental health']","['funny', 'none', 'Zoom classes']","['neutral', 'blatant misinformation', 'homework help']"
Study hacks that genuinely work â€“ drop them here!,2140,401,I feel like I forget everything right after my online classes.,2024-02-18,5,"['ignorant', 'mild misinformation', 'exam prep']","['positive', 'none', 'AI in education']","['neutral', 'none', 'online learning']","['funny', 'none', 'study habits']","['negative', 'mild misinformation', 'online learning']","['funny', 'mild misinformation', 'procrastination']"
Are study groups better in person or online?,2632,109,I got caught cheating by my webcam AI proctor. Oops!,2024-11-02,5,"['neutral', 'blatant misinformation', 'online learning']","['funny', 'mild misinformation', 'exam prep']","['ignorant', 'blatant misinformation', 'online learning']","['ignorant', 'none', 'AI in education']","['positive', 'blatant misinformation', 'study habits']","['negative', 'none', 'online learning']"
Anyone else feel more stressed in online school?,3938,431,I got caught cheating by my webcam AI proctor. Oops!,2024-01-08,5,"['ignorant', 'mild misinformation', 'procrastination']","['funny', 'none', 'online learning']","['ignorant', 'mild misinformation', 'online learning']","['negative', 'blatant misinformation', 'procrastination']","['negative', 'blatant misinformation', 'homework help']","['ignorant', 'mild misinformation', 'study habits']"
Study hacks that genuinely work â€“ drop them here!,2603,196,I tried using ChatGPT to do my homework and it gave me outdated info.,2023-06-08,5,"['funny', 'mild misinformation', 'exam prep']","['neutral', 'blatant misinformation', 'exam prep']","['ignorant', 'none', 'AI in education']","['negative', 'blatant misinformation', 'procrastination']","['positive', 'blatant misinformation', 'Zoom classes']","['positive', 'blatant misinformation', 'homework help']"
Anyone else feel more stressed in online school?,2628,427,I've started using Notion and it's been a game-changer for organizing lectures.,2023-02-20,5,"['negative', 'mild misinformation', 'online learning']","['negative', 'mild misinformation', 'Zoom classes']","['funny', 'none', 'AI in education']","['funny', 'mild misinformation', 'procrastination']","['negative', 'none', 'exam prep']","['neutral', 'blatant misinformation', 'exam prep']"
Anyone else feel more stressed in online school?,4539,193,"Honestly, I find online classes way more exhausting than in-person ones.",2024-12-10,5,"['neutral', 'mild misinformation', 'study habits']","['positive', 'mild misinformation', 'exam prep']","['negative', 'none', 'Zoom classes']","['positive', 'none', 'homework help']","['ignorant', 'none', 'online learning']","['ignorant', 'mild misinformation', 'online learning']"
This happened during my online exam ðŸ˜‚,2052,488,I tried using ChatGPT to do my homework and it gave me outdated info.,2024-01-27,5,"['positive', 'none', 'Zoom classes']","['positive', 'mild misinformation', 'mental health']","['positive', 'blatant misinformation', 'exam prep']","['negative', 'none', 'homework help']","['funny', 'none', 'homework help']","['positive', 'blatant misinformation', 'Zoom classes']"
Study hacks that genuinely work â€“ drop them here!,3357,146,"No matter what I try, I end up scrolling instead of studying.",2023-05-30,5,"['ignorant', 'none', 'homework help']","['negative', 'mild misinformation', 'Zoom classes']","['negative', 'mild misinformation', 'homework help']","['neutral', 'mild misinformation', 'Zoom classes']","['funny', 'none', 'Zoom classes']","['funny', 'mild misinformation', 'exam prep']"
How do you ask questions in huge online classes?,644,359,Some students don't even turn their cameras on. How do teachers know they're learning?,2024-05-05,5,"['ignorant', 'mild misinformation', 'study habits']","['funny', 'none', 'mental health']","['positive', 'mild misinformation', 'exam prep']","['positive', 'none', 'homework help']","['funny', 'mild misinformation', 'online learning']","['negative', 'mild misinformation', 'online learning']"
How do you ask questions in huge online classes?,2498,240,Some students don't even turn their cameras on. How do teachers know they're learning?,2023-07-26,5,"['neutral', 'blatant misinformation', 'study habits']","['negative', 'blatant misinformation', 'Zoom classes']","['neutral', 'blatant misinformation', 'homework help']","['positive', 'blatant misinformation', 'homework help']","['neutral', 'blatant misinformation', 'online learning']","['ignorant', 'none', 'homework help']"
Best tools for staying organized in online classes?,4397,154,Using Pomodoro technique and ambient music. Works like magic!,2024-11-14,5,"['neutral', 'blatant misinformation', 'mental health']","['neutral', 'none', 'study habits']","['ignorant', 'mild misinformation', 'AI in education']","['negative', 'mild misinformation', 'homework help']","['ignorant', 'blatant misinformation', 'exam prep']","['neutral', 'mild misinformation', 'AI in education']"
Do you think AI is helping or hurting education?,2748,184,Using Pomodoro technique and ambient music. Works like magic!,2023-01-26,5,"['negative', 'blatant misinformation', 'homework help']","['neutral', 'blatant misinformation', 'procrastination']","['ignorant', 'mild misinformation', 'mental health']","['ignorant', 'blatant misinformation', 'online learning']","['ignorant', 'mild misinformation', 'procrastination']","['negative', 'none', 'online learning']"
Are study groups better in person or online?,2031,147,Using Pomodoro technique and ambient music. Works like magic!,2023-12-01,5,"['positive', 'blatant misinformation', 'exam prep']","['negative', 'mild misinformation', 'online learning']","['neutral', 'mild misinformation', 'online learning']","['ignorant', 'none', 'homework help']","['funny', 'mild misinformation', 'online learning']","['funny', 'blatant misinformation', 'AI in education']"
This happened during my online exam ðŸ˜‚,4018,214,I tried using ChatGPT to do my homework and it gave me outdated info.,2023-08-03,5,"['funny', 'mild misinformation', 'procrastination']","['positive', 'blatant misinformation', 'exam prep']","['funny', 'none', 'procrastination']","['positive', 'none', 'procrastination']","['funny', 'blatant misinformation', 'exam prep']","['negative', 'none', 'homework help']"
This happened during my online exam ðŸ˜‚,4454,492,"No matter what I try, I end up scrolling instead of studying.",2023-06-12,5,"['neutral', 'mild misinformation', 'Zoom classes']","['ignorant', 'blatant misinformation', 'online learning']","['negative', 'none', 'online learning']","['negative', 'mild misinformation', 'study habits']","['neutral', 'mild misinformation', 'study habits']","['ignorant', 'none', 'procrastination']"
Best tools for staying organized in online classes?,4483,131,I feel like I forget everything right after my online classes.,2023-09-01,5,"['ignorant', 'blatant misinformation', 'exam prep']","['funny', 'blatant misinformation', 'online learning']","['neutral', 'mild misinformation', 'online learning']","['funny', 'mild misinformation', 'Zoom classes']","['ignorant', 'blatant misinformation', 'procrastination']","['ignorant', 'none', 'online learning']"
Are study groups better in person or online?,2890,72,I'm curious how AI tools like ChatGPT are affecting studentsâ€™ learning. Are they helping too much?,2024-01-19,5,"['negative', 'blatant misinformation', 'exam prep']","['negative', 'blatant misinformation', 'AI in education']","['ignorant', 'blatant misinformation', 'procrastination']","['positive', 'mild misinformation', 'homework help']","['funny', 'mild misinformation', 'online learning']","['ignorant', 'none', 'homework help']"
"ChatGPT gave me a wrong answer, should I trust it?",1841,134,Using Pomodoro technique and ambient music. Works like magic!,2024-12-14,5,"['funny', 'none', 'study habits']","['positive', 'blatant misinformation', 'procrastination']","['neutral', 'blatant misinformation', 'Zoom classes']","['neutral', 'blatant misinformation', 'AI in education']","['negative', 'mild misinformation', 'exam prep']","['ignorant', 'mild misinformation', 'exam prep']"
Anyone else feel more stressed in online school?,486,171,"Honestly, I find online classes way more exhausting than in-person ones.",2023-08-30,5,"['positive', 'mild misinformation', 'online learning']","['ignorant', 'none', 'online learning']","['funny', 'none', 'AI in education']","['ignorant', 'none', 'homework help']","['neutral', 'mild misinformation', 'procrastination']","['ignorant', 'none', 'exam prep']"
Study hacks that genuinely work â€“ drop them here!,4712,319,Some students don't even turn their cameras on. How do teachers know they're learning?,2024-11-05,5,"['negative', 'mild misinformation', 'exam prep']","['funny', 'blatant misinformation', 'AI in education']","['negative', 'mild misinformation', 'exam prep']","['ignorant', 'blatant misinformation', 'procrastination']","['neutral', 'mild misinformation', 'mental health']","['neutral', 'mild misinformation', 'Zoom classes']"
Why is procrastination so hard to beat?,3873,323,Do professors even know how to use tech properly?,2023-09-29,5,"['ignorant', 'none', 'AI in education']","['funny', 'mild misinformation', 'AI in education']","['ignorant', 'none', 'online learning']","['ignorant', 'mild misinformation', 'Zoom classes']","['ignorant', 'mild misinformation', 'procrastination']","['ignorant', 'none', 'exam prep']"
Do you think AI is helping or hurting education?,2331,428,I tried using ChatGPT to do my homework and it gave me outdated info.,2024-07-03,5,"['funny', 'none', 'AI in education']","['funny', 'none', 'procrastination']","['positive', 'mild misinformation', 'exam prep']","['ignorant', 'blatant misinformation', 'study habits']","['negative', 'mild misinformation', 'mental health']","['ignorant', 'mild misinformation', 'online learning']"
Anyone else feel more stressed in online school?,4109,486,I got caught cheating by my webcam AI proctor. Oops!,2023-09-13,5,"['ignorant', 'none', 'exam prep']","['positive', 'blatant misinformation', 'mental health']","['negative', 'mild misinformation', 'online learning']","['ignorant', 'blatant misinformation', 'Zoom classes']","['neutral', 'mild misinformation', 'study habits']","['ignorant', 'mild misinformation', 'procrastination']"
Why is procrastination so hard to beat?,4891,325,Using Pomodoro technique and ambient music. Works like magic!,2024-07-14,5,"['funny', 'blatant misinformation', 'homework help']","['neutral', 'blatant misinformation', 'exam prep']","['funny', 'blatant misinformation', 'online learning']","['neutral', 'blatant misinformation', 'exam prep']","['positive', 'mild misinformation', 'Zoom classes']","['positive', 'blatant misinformation', 'homework help']"
Best tools for staying organized in online classes?,397,296,I tried using ChatGPT to do my homework and it gave me outdated info.,2024-08-22,5,"['ignorant', 'blatant misinformation', 'exam prep']","['ignorant', 'blatant misinformation', 'procrastination']","['funny', 'mild misinformation', 'Zoom classes']","['positive', 'blatant misinformation', 'mental health']","['ignorant', 'mild misinformation', 'AI in education']","['negative', 'none', 'mental health']"
Why is procrastination so hard to beat?,318,46,Using Pomodoro technique and ambient music. Works like magic!,2023-02-09,5,"['negative', 'none', 'AI in education']","['negative', 'none', 'online learning']","['negative', 'mild misinformation', 'mental health']","['positive', 'mild misinformation', 'mental health']","['neutral', 'mild misinformation', 'AI in education']","['neutral', 'none', 'exam prep']"
